review,sentimiento,cluster
"en una época donde el mundo se siente más agotado que nunca, esta película nos recuerda por qué superman importa. nunca he sido fan de superman. es difícil apoyar a un alienígena casi invencible con la moral de un santo. siempre he preferido a batman. si no fuera por james gunn, mi emoción por otro reinicio de superman sería casi cero. pero la respuesta es un rotundo sí.",positivo,3
"esta película realmente me sorprendió. esperaba que fuera solo buena, pero terminó siendo excelente. el casting fue perfecto, los colores vibrantes y la relación de clark con sus padres estuvo muy bien hecha. hay una escena en particular que me dio escalofríos. cuanto más pienso en esta película, más me gusta.",positivo,0
"¡superman ha vuelto como nunca antes! no es solo un reinicio, es una resurrección de todo lo que amamos de superman. james gunn logra el tono perfecto: emocional, audaz y lleno de esperanza. david corenswet es un superman creíble. las acciones son épicas, los visuales impresionantes. ¡imperdible para los fans!",positivo,3
"¡el superman que necesitábamos! esta película habla a todos, no solo a los fans. tiene acción pero también corazón. muestra las debilidades de superman pero también su esperanza. los personajes secundarios no se desperdician. ¡krypto roba el espectáculo! probablemente la mejor película del año.",positivo,0
"después de todo el drama con el dceu, superman revitaliza la franquicia. podría estar entre las mejores películas de superhéroes de todos los tiempos. lo que más destaca es el aspecto emocional, que ha estado ausente del género por mucho tiempo.",positivo,3
"una película muy decepcionante. ciertos personajes eran geniales, pero superman era ingenuo y pasó el 70% de la película siendo golpeado. no se sintió como el superman poderoso que conocemos.",neutral,0
una fórmula diferente y eso es bueno. muestra el lado humano de superman. los mensajes morales y la humanidad se retratan excepcionalmente bien. el único defecto son las escenas post-créditos demasiado cortas.,positivo,1
"un comienzo brillante que nunca despega. tiene momentos buenos pero al final decepciona. la historia va demasiado rápido, los momentos emocionales no impactan. superman pasa más tiempo siendo golpeado que siendo héroe.",neutral,3
"¡sin duda la mejor película de superman desde christopher reeve! un poderoso retorno a la esencia de superman: esperanza, coraje y moral inquebrantable. james gunn nos recuerda por qué el mundo todavía necesita a superman.",positivo,0
"¡superman ha vuelto!!!! esto es, sin duda, la mejor película de superman desde que christopher reeve dio vida al hombre de acero. es la película que hemos estado esperando: un poderoso retorno a la esencia de superman.",positivo,0
quería gustarme... esta versión de superman se siente demasiado infantil y cómica. el tono es inconsistente. david corenswet no logra capturar la presencia carismática que henry cavill aportó al papel.,neutral,3
"superman donde falta lo 'super'. disfruté la introducción al nuevo universo, pero superman era el héroe más débil en su propia película. parecía estar ahí solo para la trama.",neutral,0
¡esto es de lo que están hechas las películas de cómics! james gunn es visionario detrás de esta versión de superman y es tremenda. esta versión salta la historia de origen y toma una línea de tiempo ya establecida.,positivo,1
"sin profundidad de personaje, sin escenas memorables. esta fue la peor película de superman hasta la fecha. la historia no mostró la profundidad del noble superhéroe. entré al cine con emoción pero salí decepcionado.",neutral,2
¡wow! ¿qué acabo de presenciar? superman está lleno de emoción cruda y genuina. lex luthor fue interpretado perfectamente. david corenswet entregó un superman que siente. james gunn entendió el corazón de superman.,positivo,2
un comienzo decepcionante para el nuevo universo dc. el mayor problema es el guión. nos lanzan directamente a la acción sin introducción. la relación con lois lane se siente superficial. demasiados héroes secundarios.,neutral,0
¡él ha vuelto! la película nos muestra una nueva versión de superman donde vemos su lado más humano. es un gran regreso. james gunn logra traer una película épica y emocional.,positivo,3
bueno... está bien.,neutral,1
"superman (2025) carece de la profundidad que esperaba. la historia es plana. cuando se trata de actuación, hay muy pocas escenas que incluso tengan alcance para actuar.",positivo,2
"solo buena, nada más nada menos. una película que está por iniciar una nueva era en dc. desafortunadamente, en muchas formas es similar a las recientes películas de dc y marvel.",neutral,0
"mis pensamientos sobre superman. es bastante diferente a lo que estamos acostumbrados a ver de superman en la pantalla grande. tiene el sello de james gunn, para bien o para mal.",positivo,1
"¿qué acabo de ver? la película es un insulto a lo que he estado viendo y con lo que crecí toda mi vida. odio la película, no tiene lógica ni historia.",negativo,0
"¡esperanza para el dcu! la vi en un preestreno y para mí fue bastante buena. un momento la compadecía a superman y resentía a lex luthor, ¡pero eso es lo que lo hace genial!",positivo,2
¡épica! una película obligatoria para los fans de superman. definitivamente una película de superhéroe recomendada para ver este año. cada ángulo y movimiento de cámara te hace sentir en la escena.,positivo,0
¡qué desastre! esa película fue un lío convoluto. la historia fue por todos lados. los primeros 30 minutos parecían bastante cohesivos. a partir de ahí solo introducen más personajes aleatorios.,neutral,0
mucho mejor que el hombre de acero. james gunn ofrece el superman que hemos estado esperando. david corenswet encarna el equilibrio perfecto entre fuerza y vulnerabilidad.,positivo,3
"alienígena mutilado. este superman es frágil, sensible y mutilado. con el tiempo, esta vulnerabilidad se vuelve emocionalmente agotadora. los efectos visuales carecen de chispa creativa.",neutral,3
